{
  "results": [
    {
      "command": "pnpm nx run-many -t lint --projects=flow-domain,flow-data-access,flow-ui,flow-app --skip-nx-cache",
      "mean": 2.0153664946666665,
      "stddev": 1.1364431779073818,
      "median": 1.3821508,
      "user": 0.6339250733333333,
      "system": 0.25257973333333333,
      "min": 1.336594259,
      "max": 3.3273544250000002,
      "times": [
        3.3273544250000002,
        1.3821508,
        1.336594259
      ],
      "memory_usage_byte": [
        136953856,
        136953856,
        136986624
      ],
      "exit_codes": [
        0,
        0,
        0
      ]
    },
    {
      "command": "pnpm nx run-many -t typecheck --projects=flow-domain,flow-data-access,flow-ui,flow-app --skip-nx-cache",
      "mean": 6.785143744666666,
      "stddev": 0.5215198193880572,
      "median": 6.615340009,
      "user": 10.282258073333333,
      "system": 1.2404287333333335,
      "min": 6.3696877999999995,
      "max": 7.370403425,
      "times": [
        6.615340009,
        6.3696877999999995,
        7.370403425
      ],
      "memory_usage_byte": [
        347340800,
        348651520,
        388988928
      ],
      "exit_codes": [
        0,
        0,
        0
      ]
    },
    {
      "command": "pnpm nx run-many -t test --projects=flow-domain,flow-data-access,flow-ui,flow-app --skip-nx-cache",
      "mean": 4.046272647666666,
      "stddev": 0.5221025937313387,
      "median": 4.209072217,
      "user": 6.029975406666666,
      "system": 1.5512050666666666,
      "min": 3.4621668420000002,
      "max": 4.467578884,
      "times": [
        4.209072217,
        3.4621668420000002,
        4.467578884
      ],
      "memory_usage_byte": [
        388988928,
        388988928,
        388988928
      ],
      "exit_codes": [
        0,
        0,
        0
      ]
    },
    {
      "command": "pnpm nx run-many -t build --projects=flow-domain,flow-data-access,flow-ui,flow-app --skip-nx-cache",
      "mean": 6.079367243999999,
      "stddev": 0.44508773256212664,
      "median": 6.262803507999999,
      "user": 8.24784874,
      "system": 1.3093824000000003,
      "min": 5.5718770079999995,
      "max": 6.403421216,
      "times": [
        6.262803507999999,
        6.403421216,
        5.5718770079999995
      ],
      "memory_usage_byte": [
        388988928,
        388988928,
        388988928
      ],
      "exit_codes": [
        0,
        0,
        0
      ]
    }
  ]
}
